{
    "fieldSets": [
        {
            "fields": [
                {
                    "name": "bgColor",
                    "label": "Cor de fundo",
                    "description": "Cor de fundo do componente",
                    "type": "select",
                    "dataType": "string",
                    "typeOptions": {
                        "validValues": [
                            { 
                              "value": "csf-bkgrd-white"
                            },
                            { "value": "csf-bkgrd-gray-lightest" },
              							{ "value": "csf-bkgrd-gray-light" },
              							{ "value": "csf-bkgrd-gray-original" },
              							{ "value": "csf-bkgrd-gray-dark" },
              							{ "value": "csf-bkgrd-gray-darkest" },
              							{ "value": "csf-bkgrd-blue-lightest" },
              							{ "value": "csf-bkgrd-blue-light" },
              							{ "value": "csf-bkgrd-blue-original" },
              							{ "value": "csf-bkgrd-blue-dark" },
              							{ "value": "csf-bkgrd-blue-darkest" },
              							{ "value": "csf-bkgrd-pink-lightest" },
              							{ "value": "csf-bkgrd-pink-light" },
              							{ "value": "csf-bkgrd-pink-original" },
              							{ "value": "csf-bkgrd-pink-dark" },
              							{ "value": "csf-bkgrd-pink-darkest" }
                        ]
                    },
                    "defaultValue": "csf-bkgrd-gray-lightest"
                },
                {
                    "name": "textColor",
                    "label": "Cor do texto",
                    "description": "Cor de texto do componente",
                    "type": "select",
                    "dataType": "string",
                    "typeOptions": {
                        "validValues": [
                            { "value": "csf-color-white" },
                            { "value": "csf-color-gray-lightest" },
              							{ "value": "csf-color-gray-light" },
              							{ "value": "csf-color-gray-original" },
              							{ "value": "csf-color-gray-dark" },
              							{ "value": "csf-color-gray-darkest" },
              							{ "value": "csf-color-blue-lightest" },
              							{ "value": "csf-color-blue-light" },
              							{ "value": "csf-color-blue-original" },
              							{ "value": "csf-color-blue-dark" },
              							{ "value": "csf-color-blue-darkest" },
              							{ "value": "csf-color-pink-lightest" },
              							{ "value": "csf-color-pink-light" },
              							{ "value": "csf-color-pink-original" },
              							{ "value": "csf-color-pink-dark" },
              							{ "value": "csf-color-pink-darkest" }
                        ]
                    },
                    "defaultValue": "csf-color-blue-darkest"
                },
                 {
                    "name": "borderBottom",
                    "label": "Linha divisória",
                    "description": "Linha divisória",
                    "type": "checkbox",
                    "defaultValue": false
                }
            ]
        }
    ]
}